1004,BENIGN
1006,MALWARE
1006,MALWARE
1008,BENIGN
1012,BENIGN
1012,BENIGN
1013,BENIGN
1018,BENIGN
1018,BENIGN
1023,BENIGN
1023,BENIGN
1024,BENIGN
1026,BENIGN
1030,BENIGN
1032,BENIGN
1039,BENIGN
1041,BENIGN
1043,BENIGN
1044,BENIGN
1044,BENIGN
1052,BENIGN
1056,BENIGN
1063,BENIGN
1064,BENIGN
1065,BENIGN
1074,BENIGN
1075,BENIGN
1078,BENIGN
1082,BENIGN
1084,BENIGN
1087,BENIGN
1090,BENIGN
1093,BENIGN
1105,BENIGN
1114,BENIGN
1119,BENIGN
1122,BENIGN
1125,BENIGN
1129,BENIGN
1138,BENIGN
1138,BENIGN
1141,BENIGN
1144,BENIGN
1144,BENIGN
1149,BENIGN
1155,BENIGN
1161,BENIGN
1164,BENIGN
1171,BENIGN
1172,BENIGN
1179,BENIGN
1181,BENIGN
1182,BENIGN
1184,BENIGN
1185,BENIGN
1187,BENIGN
1202,BENIGN
1204,BENIGN
1204,BENIGN
1204,BENIGN
1205,BENIGN
1208,BENIGN
1219,BENIGN
1220,BENIGN
1225,BENIGN
1226,BENIGN
1232,BENIGN
1234,BENIGN
1236,BENIGN
1241,BENIGN
1241,BENIGN
1243,BENIGN
1248,BENIGN
1004,BENIGN
1006,MALWARE
1006,MALWARE
1008,BENIGN
1012,BENIGN
1012,BENIGN
1013,BENIGN
1018,BENIGN
1018,BENIGN
1023,BENIGN
1023,BENIGN
1024,BENIGN
1026,BENIGN
1030,BENIGN
1032,BENIGN
1039,BENIGN
1041,BENIGN
1043,BENIGN
1044,BENIGN
1044,BENIGN
1052,BENIGN
1056,BENIGN
1063,BENIGN
1064,BENIGN
1065,BENIGN
1074,BENIGN
1075,BENIGN
1078,BENIGN
1082,BENIGN
1084,BENIGN
1087,BENIGN
1090,BENIGN
1093,BENIGN
1105,BENIGN
1114,BENIGN
1119,BENIGN
1122,BENIGN
1125,BENIGN
1129,BENIGN
1138,BENIGN
1138,BENIGN
1141,BENIGN
1144,BENIGN
1144,BENIGN
1149,BENIGN
1155,BENIGN
1161,BENIGN
1164,BENIGN
1171,BENIGN
1172,BENIGN
1179,BENIGN
1181,BENIGN
1182,BENIGN
1184,BENIGN
1185,BENIGN
1187,BENIGN
1202,BENIGN
1204,BENIGN
1204,BENIGN
1204,BENIGN
1205,BENIGN
1208,BENIGN
1219,BENIGN
1220,BENIGN
1225,BENIGN
1226,BENIGN
1232,BENIGN
1234,BENIGN
1236,BENIGN
1241,BENIGN
1241,BENIGN
1243,BENIGN
1248,BENIGN
